{"unet": {"real_data": {"training_loss": [0.9166868427630902, 0.8552179871927994, 0.8095764994014614, 0.7750831434441583, 0.7502704559998354, 0.7334684576393691, 0.7217120972601815, 0.7140002064122498, 0.7076124128797885, 0.7034512573222774, 0.7007130132680024, 0.6984950423847325, 0.6968013812567442, 0.6955737661162709, 0.6944716578828166, 0.6937111708650758, 0.6931453335072855, 0.69271392479501, 0.6923687949435402, 0.6923004408525754, 0.6918024084040226, 0.6916521036897907, 0.6914763546171989, 0.6912674594471473, 0.6912764969066203, 0.6911650629140645, 0.6910850511859088, 0.6909784421362646, 0.6909824960104382, 0.6908516677584661, 0.6909027686555878, 0.6908244540673176, 0.6906570504033231, 0.6906905148472191, 0.6906129546444532, 0.690599387383643, 0.6906404037208654, 0.6905685786072534, 0.6905694887534959, 0.6905017865219796, 0.6904600760105609, 0.6904246794965128, 0.6904808672633184, 0.6906600726469783, 0.6904119033243213, 0.6904146427113288, 0.6904648783552738, 0.6904797739048344, 0.6904159684217613, 0.6904671234635603, 0.690336222412022, 0.6904611517758164, 0.6903660380809968, 0.6903970196046902, 0.6903075499995671, 0.6903404139987082, 0.690444531028204, 0.690395098454473, 0.690301602730011, 0.6902543306350708, 0.6903435132885707, 0.6902326971823326, 0.6902273571824906, 0.6901805649580239, 0.6902048835014266, 0.6901710794778877, 0.690174639983335, 0.6902076686914944, 0.6901740565251455, 0.6902065061734226, 0.6901673257502587, 0.6900997923227363, 0.6901708733641161, 0.6901610567976197, 0.6900813546192859, 0.6901881922292346, 0.6901686824005069, 0.6901744045980711, 0.6901024784750611, 0.6901411324663623, 0.6901441331734791, 0.6901315189803223, 0.690106667635095, 0.6900937699786276, 0.6900630329401438, 0.6901267205789192, 0.6901857346372143, 0.6900708349303132, 0.6900581426292886, 0.6900289615298653, 0.6900625759712006, 0.6900669647233784, 0.6900732759907652, 0.6900694035088439, 0.6900515855117002, 0.6900379067765544, 0.6900405392391991, 0.6900283263536506, 0.690042366659975, 0.6899977390092747], "eval_loss": [0.8803292233116773, 0.8320211877628249, 0.7909902200406912, 0.7596921117938294, 0.7424965744115868, 0.7277551232552042, 0.7180016916625354, 0.7102180050343884, 0.7054809185923362, 0.7016957937454691, 0.6991724566537507, 0.6974906167205499, 0.6958723360178422, 0.6951266612325396, 0.6939043171551763, 0.6931261006666689, 0.6927553695075366, 0.6921836028293687, 0.6920329624292801, 0.6917578979414336, 0.6914332144114436, 0.6912765308302276, 0.6912153533526829, 0.6911213349322883, 0.6911898973036785, 0.6909420916012355, 0.6907131671905518, 0.6905460892891397, 0.6907590055952266, 0.692668499995251, 0.6905524085979072, 0.6904998008085756, 0.6905541918715652, 0.6903863366769285, 0.690644908924492, 0.6903235000007006, 0.69052747439365, 0.6904657738549369, 0.690300884295483, 0.6902761106588402, 0.6904201191298815, 0.6902608786310468, 0.690433571533281, 0.6903919480284866, 0.690266913297225, 0.6901431229649758, 0.6903563798690329, 0.6901727026822616, 0.6903356763781333, 0.6901589875318566, 0.6902604613985334, 0.6901845165661403, 0.6901619969582071, 0.6902442647486317, 0.6902499867945301, 0.6903260496197915, 0.690164535629506, 0.690332153621985, 0.6902417747341857, 0.690215025629316, 0.6906244170909025, 0.6901058992561029, 0.6901431983830978, 0.6901250834367714, 0.6900588310494715, 0.6900890080296264, 0.6906197703614527, 0.690131391797747, 0.6901214536355467, 0.690085628811194, 0.6900612809220139, 0.6900317425630531, 0.69006034792686, 0.6900248016629901, 0.6901015493334556, 0.6901846564545924, 0.69006867554723, 0.6900628878145801, 0.6900833759989057, 0.6901851028812175, 0.6900774276986414, 0.6900105598021526, 0.6900145216863982, 0.6900792401664111, 0.6900733940455378, 0.6900528620700447, 0.690061013309323, 0.6900667049446885, 0.6900312754572654, 0.6900909616022693, 0.6900988500945422, 0.6900465865524448, 0.6901137305765735, 0.690121224948338, 0.6900777901921954, 0.6900343761152151, 0.6900573883737836, 0.6900763049417612, 0.6900269085047196, 0.6900691548172309], "test_loss": {"bcewl_loss": 0.6903498804569245, "dice_score": 0.8651095836516469, "mean_iou": 0.7871875636931509, "pixel_accuracy": 0.9981540298461914}}, "gan_data": {"training_loss": [0.6892275184775517, 0.6880747423255374, 0.6875088976884954, 0.6873073177614165, 0.6871947948781724, 0.6871398251871452, 0.6870814958284681, 0.6870441582810831, 0.6870263834319424, 0.6870015970554537, 0.6869737600504481, 0.6869664195102102, 0.6869559355835411, 0.6869478293650443, 0.6869403670429391, 0.6869287943882244, 0.6869287699949114, 0.6869167595930256, 0.6869051914238307, 0.6869020248578153, 0.6868986447018931, 0.6868911712451443, 0.6868909367975696, 0.6868793745914779, 0.6868829291549706, 0.686877367334484, 0.6868719670454873, 0.6868622854859917, 0.6868700031529174, 0.6868635321703037, 0.6868547255378638, 0.6868519518506269, 0.6868497933128758, 0.6868494775190771, 0.6868388404119009, 0.6868470190055816, 0.6868363825844261, 0.686836011750659, 0.6868334053205463, 0.6868295174961124, 0.6868317788182343, 0.6868294066905765, 0.6868216914115305, 0.6868206711668207, 0.6868194099705321, 0.6868192119348255, 0.6868137561309227, 0.6868163368616446, 0.6868079007463468, 0.6868075774327059, 0.6868105070313398, 0.6868097865908691, 0.6868052784717943, 0.6868069740511137, 0.6868003107320423, 0.6868019832241266, 0.6867934471740824, 0.6867956587465108, 0.6867959907409521, 0.6867924212037383, 0.686788147532238, 0.6867915004320301, 0.6867847786033084, 0.6867826622954086, 0.686784989739372, 0.6867815175115561, 0.6867825663580521, 0.6867780680939285, 0.6867768633360354, 0.686774075994348, 0.6867740330916688, 0.686774687054095, 0.6867739280381525, 0.6867701328528988, 0.686771069271156, 0.686769156553092, 0.6867680944215412, 0.6867664414942396, 0.68676489574448, 0.6867604615573284, 0.6867638921753502, 0.6867632288592956, 0.6867607173638937, 0.6867581484010653, 0.686760300725052, 0.686755354515796, 0.6867572332890279, 0.6867550581020821, 0.6867531812549851, 0.686754310906804, 0.6867527613971233, 0.6867523135707251, 0.6867498816273391, 0.6867524036373275, 0.6867538614577031, 0.6867480355720174, 0.6867488948657166, 0.6867477824831495, 0.6867472939176757, 0.6867426025914956],