{"unet": {"real_data": {"training_loss": [0.8766366411711424, 0.8147844596370183, 0.7759733392688761, 0.7492133612547819, 0.731353077573024, 0.7198195192043412, 0.7115913351983515, 0.7063938609819679, 0.7029674324673854, 0.7001927457086305, 0.6980032332374243, 0.6963725378191805, 0.6952209678921687, 0.6943925039762152, 0.6936023575052354, 0.6931756971446612, 0.6927107156991352, 0.6923779699638599, 0.6920623554831546, 0.6917843330300795, 0.6922326846280474, 0.6914836327538235, 0.6913737927684347, 0.6912499773896681, 0.691148790087712, 0.6910448500521613, 0.6910322560305511, 0.6909409013716622, 0.6908834063976472, 0.6908433014199934, 0.6908980887051454, 0.6906807425671254, 0.690592250144512, 0.6906140334430239, 0.6905461916790057, 0.6907398597581392, 0.6906292797954938, 0.6905415698165506, 0.6904826878591348, 0.6909301076226562, 0.6905485311233966, 0.6905198512793194, 0.690464039340274, 0.6904563750626174, 0.6904216748460862, 0.690380205028233, 0.6904055059107812, 0.6903518658254589, 0.6903256444833964, 0.6904292522192608, 0.6903485504118844, 0.690370364498546, 0.6903272723120284, 0.6902990787083866, 0.6902711022901171, 0.690317372632694, 0.6902562493586358, 0.6901826095641721, 0.6901589509185034, 0.6901506889260756, 0.6903011656292826, 0.6902098804333131, 0.6901567846764135, 0.6902233121049313, 0.6901838655083538, 0.6902117134657222, 0.6901790530020347, 0.6901983527736809, 0.6901164267202673, 0.6900897459826093, 0.690105732918999, 0.6901898751125384, 0.6901787226740034, 0.6901141891952689, 0.6901192149436505, 0.6901388541432737, 0.6900939254360344, 0.690059972173385, 0.6900981990738982, 0.6900786325221754, 0.6900806305669342, 0.690084825641933, 0.6900929018438015, 0.6900792067287532, 0.6901289421790126, 0.6901145748813037, 0.6900675543998641, 0.6900555571830304, 0.6900682670772834, 0.6900706162282833, 0.690063897889989, 0.6900362047833644, 0.6900184688373983, 0.6900152802164015, 0.6900640172509444, 0.6901232932360117, 0.6900864979086335, 0.6900249563404015, 0.6900375591586261, 0.6899796772852502], "eval_loss": [0.8389367740981433, 0.7934518444294832, 0.7614588591517234, 0.7390090981308295, 0.7248529061979178, 0.7146997220662176, 0.7085937261581421, 0.7050689580489178, 0.70087794381745, 0.6985033373443448, 0.6968917469589078, 0.6954862584873122, 0.6945421671380803, 0.6939923982230984, 0.6933686818395343, 0.6930749586650303, 0.692339301109314, 0.6921996632400824, 0.6919885934615622, 0.6916795786546202, 0.691758564540318, 0.6914597713217443, 0.6913257460204922, 0.6912570182158022, 0.6911040228240344, 0.6921041693006244, 0.690983205425496, 0.6910935895783561, 0.6909070744806406, 0.6909304151729662, 0.6907917905826958, 0.6907540693575022, 0.6907224813286139, 0.6908314130744155, 0.6906105219101419, 0.6910533965850363, 0.690673831774264, 0.6906873510808361, 0.6905554472183695, 0.6906551499756015, 0.6906448091779437, 0.6905895106646479, 0.6905852848169755, 0.6906272063449937, 0.6906237638726527, 0.690875201809163, 0.6905029756682259, 0.6904824753196872, 0.6906005557702513, 0.6906143025476106, 0.6906117334657785, 0.6906259838415651, 0.6904212431031831, 0.6903707105286268, 0.6904262657068214, 0.6908112350775271, 0.6904149955632736, 0.6903121641704014, 0.6904068224284113, 0.6903931863453924, 0.6903518791101417, 0.6903435247285026, 0.6903895747904875, 0.6904540949938248, 0.6904497402054923, 0.6905072428742234, 0.690447464281199, 0.690337673741944, 0.6903152502312953, 0.6903993998255048, 0.6903463431767055, 0.6903708637977133, 0.6903215658907987, 0.6903565282724342, 0.6903257528129889, 0.6903723672944673, 0.6903442448499252, 0.6903832700787759, 0.690301428035814, 0.6903112749664151, 0.6905694117351454, 0.690415446855584, 0.6902436565379707, 0.6903285347685522, 0.6903786513270164, 0.6904682590036976, 0.6903180102912747, 0.6902025877212992, 0.6902388735693328, 0.6904206312432581, 0.6903150397904065, 0.6902315081382284, 0.690222325373669, 0.6902999172405321, 0.6903511516901911, 0.6904447613930216, 0.6903074821647333, 0.6903002773012433, 0.6902281106734762, 0.6902626168971159], "test_loss": {"bcewl_loss": 0.6903881311416626, "dice_score": 0.8322917407006025, "mean_iou": 0.7421065840870142, "pixel_accuracy": 1.0}}, "gan_data": {"training_loss": [0.6891106850887727, 0.6879871758199888, 0.6875267241211157, 0.6872831756375225, 0.6871778487288461, 0.6871185190992157, 0.6870641796501298, 0.68703956084739, 0.6870170807537647, 0.6870032605633054, 0.6869707699632581, 0.6869672412706614, 0.6869537826263045, 0.6869462265832174, 0.6869368790762252, 0.6869294669259803, 0.6869249669731904, 0.6869162013041018, 0.686905367731151, 0.6868973783208713, 0.6868996216613352, 0.6868907749362623, 0.6868923354090817, 0.6868829061073136, 0.6868778227994589, 0.68687440935834, 0.6868750658273802, 0.6868653379746801, 0.6868669013630874, 0.6868585803541476, 0.6868577193058186, 0.6868599251526127, 0.6868518067308631, 0.6868517697780941, 0.6868489245863919, 0.6868425234591554, 0.6868411396498594, 0.6868399873989354, 0.6868353768780782, 0.6868371079589688, 0.6868349639991577, 0.6868338928437961, 0.6868305732292008, 0.6868261240815209, 0.6868267724106617, 0.6868242230521941, 0.6868256573499752, 0.686814629501239, 0.6868233595368292, 0.6868143215966784, 0.6868219560835941, 0.6868074973793672, 0.6868073724180579, 0.6868090055167226, 0.6868025660778686, 0.6868038942931024, 0.6868070842102071, 0.686800219359362, 0.6867968916312527, 0.6867975259629326, 0.6867952912373055, 0.6867982200707625, 0.6867934189284993, 0.6867911710497445, 0.6867960747652953, 0.6867899346161649, 0.6867895479379581, 0.6867880872547653, 0.6867868786841802, 0.6867807783770213, 0.6867877120146344, 0.686782713219253, 0.6867812872328765, 0.6867775101348224, 0.6867784818303748, 0.6867797025250565, 0.6867726078308911, 0.6867731124782731, 0.6867773665586052, 0.68676992939499, 0.6867786104328709, 0.6867723832910385, 0.6867674837443828, 0.6867688964325118, 0.6867687378561882, 0.6867683739090135, 0.6867642949750435, 0.6867630181849768, 0.6867638474388849, 0.6867626675228569, 0.6867600841667865, 0.6867611900057714, 0.6867586993680374, 0.6867605676398757, 0.6867609437903033, 0.6867547443003821, 0.6867539773424308, 0.6867570727733766, 0.6867541500613351, 0.6867561165000972],